<spawnpoints>
    <spawnpoint position="1837.469,36.7193,-450.4038" rotation="0,306.4473,0"/>
    <spawnpoint position="1013.836,36.99333,605.2847" rotation="0,155.7187,0"/>
    <spawnpoint position="-472.7822,35.75374,1442.084" rotation="0,307.0705,0"/>
    <spawnpoint position="-500,36.07893,2063.2" rotation="0,85.50819,0"/>
    <spawnpoint position="310,37,582" rotation="0,6.711496,0"/>
    <spawnpoint position="1146.399,36.49206,652" rotation="0,202.6996,0"/>
    <spawnpoint position="88.7998,35.95851,1079.2" rotation="0,196.9342,0"/>
    <spawnpoint position="-210.3999,36.38843,1308" rotation="0,354.6194,0"/>
    <spawnpoint position="1833.432,36.5166,-399.1807" rotation="0,300.2548,0"/>
    <spawnpoint position="658.4116,36.79806,851.4622" rotation="0,77.30467,0"/>
    <spawnpoint position="1365.6,36.05744,652" rotation="0,232.2364,0"/>
</spawnpoints>
