﻿<?xml version="1.0" encoding="UTF-8"?>
<prefabs>
  <decoration type="model" name="rwg_tile_nmmmedievalvillage_t_02" position="-1855,35,-1921" rotation="2" />
  <decoration type="model" name="xcostum_Medieval_Castle_Spartan_v3(by_Ericbeaudoin)" position="-1845,33,-1912" rotation="2" />
  <decoration type="model" name="rwg_tile_nmmmedievalvillage_intersection" position="-1855,35,-2071" rotation="0" />
  <decoration type="model" name="xcostum_Medieval_Stone_Church(by_WormPie)" position="-1849,26,-1987" rotation="1" />
  <decoration type="model" name="xcostum_Medieval_Windmill(by_Pashmina)" position="-1771,35,-1987" rotation="0" />
  <decoration type="model" name="NMM_Friendly_Joust_Arena_01" position="-1771,36,-2065" rotation="2" />
  <decoration type="model" name="xcostum_Medieval_Dragon_New(by_Ataxia78)" position="-1849,33,-2065" rotation="1" />
  <decoration type="model" name="rwg_tile_nmmmedievalvillage_cap" position="-1855,35,-1771" rotation="0" />
  <decoration type="model" name="xcostum_Medieval_Mill(by_VitaminE)" position="-1766,36,-1770" rotation="3" />
  <decoration type="model" name="xcostum_Medieval_Tavern(by_VitaminE)" position="-1836,31,-1761" rotation="1" />
  <decoration type="model" name="xcostum_Medieval_Clock_Tower(by_VitaminE)" position="-1854,36,-1708" rotation="3" />
  <decoration type="model" name="xcostum_Medieval_Watermill(by_Pashmina)" position="-1854,35,-1664" rotation="1" />
  <decoration type="model" name="xcostum_Medieval_House_(by_Tom)" position="-1748,35,-1708" rotation="1" />
  <decoration type="model" name="xcostum_Medieval_Windmill_Retro(by_Pashmina)" position="-1748,36,-1664" rotation="0" />
  <decoration type="model" name="NMM-shema-Medi-House1-25bl" position="-1792,36,-1647" rotation="1" />
  <decoration type="model" name="NMM_ME-House_02(Shema)" position="-1792,36,-1673" rotation="2" />
  <decoration type="model" name="xcostum_Medieval_Bakery(by_VitaminE)" position="-1792,35,-1699" rotation="3" />
  <decoration type="model" name="rwg_tile_nmmmedievalvillage_cap" position="-1705,35,-2071" rotation="3" />
  <decoration type="model" name="NMM_Bandits_Joust_Arena_01" position="-1704,36,-2070" rotation="2" />
  <decoration type="model" name="NMM_Skinny_Finger(by_Arramus)" position="-1695,36,-1982" rotation="0" />
  <decoration type="model" name="xcostum_Medieval_Jarls_Estate(by_Eihwaz)" position="-1642,33,-1964" rotation="3" />
  <decoration type="model" name="xcostum_Medieval_House_Pigeon(by_VitaminE)" position="-1598,36,-1964" rotation="2" />
  <decoration type="model" name="NMM_remnant_house_04" position="-1642,36,-2070" rotation="2" />
  <decoration type="model" name="xcostum_Medieval_Windmill_Retro(by_Pashmina)" position="-1598,36,-2070" rotation="3" />
  <decoration type="model" name="NMM_bric_a_brac_01" position="-1581,36,-2009" rotation="0" />
  <decoration type="model" name="xcostum_Medieval_Alchemist(by_VitaminE)" position="-1607,35,-2009" rotation="0" />
  <decoration type="model" name="xcostum_Medieval_Tower(by_VitaminE)" position="-1633,36,-2009" rotation="2" />
  <decoration type="model" name="rwg_tile_nmmmedievalvillage_corner_02" position="-2005,35,-2071" rotation="1" />
  <decoration type="model" name="xcostum_Medieval_Castle_Destroyed(by_Zyncosa)" position="-1961,25,-2039" rotation="1" />
  <decoration type="model" name="NMM_stables_01" position="-1882,36,-2026" rotation="3" />
  <decoration type="model" name="xcostum_Medieval_Blacksmith_01(by_Laz_man)" position="-1882,36,-2061" rotation="0" />
  <decoration type="model" name="part_roadside_fruit_stand_01" position="-1867,37,-1948" rotation="3" />
  <decoration type="model" name="part_roadside_fruit_stand_02" position="-1867,37,-1932" rotation="3" />
  <decoration type="model" name="part_roadside_fruit_stand_01" position="-1883,37,-1933" rotation="1" />
  <decoration type="model" name="part_roadside_fruit_stand_02" position="-1881,37,-1948" rotation="1" />
  <decoration type="model" name="part_farm60_yard_02" position="-1998,35,-1955" rotation="0" />
  <decoration type="model" name="part_farm60_field_01" position="-1975,36,-1955" rotation="0" />
  <decoration type="model" name="rwg_tile_nmmmedievalvillage_corner" position="-2005,35,-1921" rotation="0" />
  <decoration type="model" name="xcostum_Medieval_Notre_Damn(by_TehKarmah)" position="-2004,27,-1881" rotation="0" />
  <decoration type="model" name="xcostum_Medieval_House_2(by_Guppycur)" position="-1960,35,-1919" rotation="2" />
  <decoration type="model" name="NMM_Oakraven_Trading_01(by_arramus)" position="-1995,35,-1919" rotation="0" />
  <decoration type="model" name="part_roadside_fruit_stand_01" position="-1882,37,-1918" rotation="2" />
  <decoration type="model" name="part_roadside_fruit_stand_02" position="-1866,37,-1916" rotation="2" />
  <decoration type="model" name="part_roadside_fruit_stand_01" position="-1867,37,-1902" rotation="0" />
  <decoration type="model" name="part_roadside_fruit_stand_02" position="-1882,37,-1902" rotation="0" />
  <decoration type="model" name="part_farm60_field_01" position="-1889,36,-1834" rotation="3" />
  <decoration type="model" name="rwg_tile_gateway_cap" position="-1855,34,-2221" rotation="2" />
  <decoration type="model" name="trader_Medieval_Blacksmith_01(by_Laz_man)" position="-1770,36,-2129" rotation="0" />
  <decoration type="model" name="rwg_tile_nmmmedievalvillage_corner_02" position="-1799,35,796" rotation="1" />
  <decoration type="model" name="xcostum_Medieval_Doune_Castle_Riah(by_Riahsaurus_Rex)" position="-1755,36,828" rotation="3" />
  <decoration type="model" name="NMM-ME-chapel_Shema" position="-1676,34,841" rotation="1" />
  <decoration type="model" name="NMM_bric_a_brac_01" position="-1676,36,806" rotation="3" />
  <decoration type="model" name="part_roadside_fruit_stand_01" position="-1661,37,919" rotation="3" />
  <decoration type="model" name="part_roadside_fruit_stand_02" position="-1661,37,935" rotation="3" />
  <decoration type="model" name="part_roadside_fruit_stand_01" position="-1677,37,934" rotation="1" />
  <decoration type="model" name="part_roadside_fruit_stand_02" position="-1675,37,919" rotation="1" />
  <decoration type="model" name="part_farm60_yard_02" position="-1792,35,912" rotation="0" />
  <decoration type="model" name="part_farm60_field_01" position="-1769,36,912" rotation="0" />
  <decoration type="model" name="rwg_tile_nmmmedievalvillage_straight" position="-1799,35,946" rotation="0" />
  <decoration type="model" name="xcostum_Medieval_Galera(by_VitaminE)" position="-1750,34,968" rotation="2" />
  <decoration type="model" name="part_farm60_yard_03" position="-1750,36,968" rotation="3" />
  <decoration type="model" name="part_farm60_field_04" position="-1796,36,948" rotation="1" />
  <decoration type="model" name="part_farm60_field_03" position="-1796,36,985" rotation="1" />
  <decoration type="model" name="part_farm60_field_02" position="-1796,36,1022" rotation="1" />
  <decoration type="model" name="part_farm60_field_01" position="-1796,36,1060" rotation="1" />
  <decoration type="model" name="rwg_tile_nmmmedievalvillage_t_02" position="-1799,35,1096" rotation="2" />
  <decoration type="model" name="xcostum_Medieval_Castle_Spartan_v3(by_Ericbeaudoin)" position="-1789,33,1105" rotation="2" />
  <decoration type="model" name="rwg_tile_nmmmedievalvillage_corner" position="-1949,35,1096" rotation="0" />
  <decoration type="model" name="xcostum_Medieval_Stillwater_Castle(by_Eko)" position="-1948,33,1136" rotation="2" />
  <decoration type="model" name="NMM_Oakraven_Trading_01(by_arramus)" position="-1904,35,1098" rotation="0" />
  <decoration type="model" name="xcostum_Medieval_Alchemist(by_VitaminE)" position="-1939,35,1098" rotation="2" />
  <decoration type="model" name="part_roadside_fruit_stand_01" position="-1826,37,1099" rotation="2" />
  <decoration type="model" name="part_roadside_fruit_stand_02" position="-1810,37,1101" rotation="2" />
  <decoration type="model" name="part_roadside_fruit_stand_01" position="-1811,37,1115" rotation="0" />
  <decoration type="model" name="part_roadside_fruit_stand_02" position="-1826,37,1115" rotation="0" />
  <decoration type="model" name="part_farm60_field_01" position="-1833,36,1183" rotation="3" />
  <decoration type="model" name="rwg_tile_nmmmedievalvillage_cap" position="-1799,35,1246" rotation="0" />
  <decoration type="model" name="xcostum_Medieval_Stone_Church(by_WormPie)" position="-1710,26,1247" rotation="0" />
  <decoration type="model" name="xcostum_Medieval_Watermill(by_Pashmina)" position="-1780,35,1256" rotation="1" />
  <decoration type="model" name="NMM_Skinny_Finger(by_Arramus)" position="-1798,36,1309" rotation="1" />
  <decoration type="model" name="xcostum_Medieval_House_(by_Tom)" position="-1798,35,1353" rotation="3" />
  <decoration type="model" name="xcostum_Medieval_Clock_Tower(by_VitaminE)" position="-1692,36,1309" rotation="1" />
  <decoration type="model" name="xcostum_Medieval_House_Pigeon(by_VitaminE)" position="-1692,36,1353" rotation="1" />
  <decoration type="model" name="NMM_ME-House_02(Shema)" position="-1736,36,1370" rotation="2" />
  <decoration type="model" name="xcostum_Medieval_Tower(by_VitaminE)" position="-1736,36,1344" rotation="3" />
  <decoration type="model" name="xcostum_Medieval_Bakery(by_VitaminE)" position="-1736,35,1318" rotation="3" />
  <decoration type="model" name="rwg_tile_nmmmedievalvillage_cap" position="-1949,35,946" rotation="2" />
  <decoration type="model" name="xcostum_Medieval_Windmill(by_Pashmina)" position="-1948,35,1035" rotation="1" />
  <decoration type="model" name="xcostum_Medieval_Jarls_Estate(by_Eihwaz)" position="-1860,33,1044" rotation="2" />
  <decoration type="model" name="xcostum_Medieval_Tavern(by_VitaminE)" position="-1842,31,991" rotation="3" />
  <decoration type="model" name="xcostum_Medieval_Windmill_Retro(by_Pashmina)" position="-1842,36,947" rotation="0" />
  <decoration type="model" name="NMM_remnant_house_04" position="-1948,36,991" rotation="1" />
  <decoration type="model" name="xcostum_Medieval_House_(by_Tom)" position="-1948,35,947" rotation="3" />
  <decoration type="model" name="xcostum_Medieval_House_2(by_Guppycur)" position="-1887,35,947" rotation="3" />
  <decoration type="model" name="xcostum_Medieval_Blacksmith_01(by_Laz_man)" position="-1887,36,973" rotation="0" />
  <decoration type="model" name="xcostum_Medieval_Bakery(by_VitaminE)" position="-1887,35,999" rotation="1" />
  <decoration type="model" name="rwg_tile_gateway_cap" position="-1649,34,796" rotation="3" />
  <decoration type="model" name="trader_Medieval_Tavern(by_VitaminE)" position="-1638,31,877" rotation="0" />
  <decoration type="model" name="part_trader_tile_filler_03nmm" position="-1649,35,804" rotation="2" />
  <decoration type="model" name="rwg_tile_nmmmedievalvillage_t_02" position="-1241,34,-1731" rotation="0" />
  <decoration type="model" name="xcostum_Medieval_Castle_Spartan_v3(by_Ericbeaudoin)" position="-1240,32,-1722" rotation="0" />
  <decoration type="model" name="rwg_tile_nmmmedievalvillage_t_03" position="-1241,34,-1881" rotation="2" />
  <decoration type="model" name="xcostum_Medieval_Cursed_Manor(by_WildPig_and_Arramus)" position="-1206,26,-1846" rotation="3" />
  <decoration type="model" name="part_driveway_rural_01" position="-1175,35,-1766" rotation="2" />
  <decoration type="model" name="part_driveway_rural_01" position="-1162,35,-1766" rotation="2" />
  <decoration type="model" name="part_chicken_coup_04" position="-1137,35,-1857" rotation="2" />
  <decoration type="model" name="part_chicken_coup_04" position="-1122,35,-1842" rotation="3" />
  <decoration type="model" name="part_farm60_corncrib_02" position="-1137,35,-1762" rotation="0" />
  <decoration type="model" name="part_roadside_fruit_stand_02" position="-1217,36,-1844" rotation="1" />
  <decoration type="model" name="part_roadside_fruit_stand_01" position="-1219,36,-1777" rotation="1" />
  <decoration type="model" name="part_roadside_fruit_stand_01" position="-1205,36,-1762" rotation="0" />
  <decoration type="model" name="part_roadside_fruit_stand_01" position="-1122,36,-1777" rotation="3" />
  <decoration type="model" name="part_roadside_fruit_stand_01" position="-1205,36,-1859" rotation="2" />
  <decoration type="model" name="rwg_tile_nmmmedievalvillage_straight" position="-1241,34,-1581" rotation="0" />
  <decoration type="model" name="xcostum_Medieval_Tudor_Village_01(by_Midnight_Peach)" position="-1192,30,-1559" rotation="1" />
  <decoration type="model" name="part_farm60_field_04" position="-1238,35,-1579" rotation="1" />
  <decoration type="model" name="part_farm60_field_03" position="-1238,35,-1542" rotation="1" />
  <decoration type="model" name="part_farm60_field_02" position="-1238,35,-1505" rotation="1" />
  <decoration type="model" name="part_farm60_field_01" position="-1238,35,-1467" rotation="1" />
  <decoration type="model" name="rwg_tile_nmmmedievalvillage_corner_02" position="-1391,34,-1881" rotation="0" />
  <decoration type="model" name="xcostum_Medieval_Castle(by_Zyncosa)" position="-1359,24,-1845" rotation="0" />
  <decoration type="model" name="xcostum_Medieval_Blacksmith_01(by_Laz_man)" position="-1346,35,-1879" rotation="3" />
  <decoration type="model" name="xcostum_Medieval_Tower(by_VitaminE)" position="-1381,35,-1879" rotation="0" />
  <decoration type="model" name="part_roadside_fruit_stand_01" position="-1268,36,-1878" rotation="2" />
  <decoration type="model" name="part_roadside_fruit_stand_02" position="-1252,36,-1876" rotation="2" />
  <decoration type="model" name="part_roadside_fruit_stand_01" position="-1253,36,-1862" rotation="0" />
  <decoration type="model" name="part_roadside_fruit_stand_02" position="-1268,36,-1862" rotation="0" />
  <decoration type="model" name="part_farm60_field_03" position="-1275,35,-1794" rotation="3" />
  <decoration type="model" name="rwg_tile_nmmmedievalvillage_t" position="-1241,34,-2031" rotation="2" />
  <decoration type="model" name="xcostum_Medieval_House_Pigeon(by_VitaminE)" position="-1187,35,-1999" rotation="2" />
  <decoration type="model" name="xcostum_Medieval_Windmill_Retro(by_Pashmina)" position="-1187,35,-1952" rotation="3" />
  <decoration type="model" name="part_chicken_coup_04" position="-1135,35,-1976" rotation="3" />
  <decoration type="model" name="part_farm60_corncrib_02" position="-1135,35,-1964" rotation="3" />
  <decoration type="model" name="part_farm60_field_03" position="-1238,35,-1917" rotation="0" />
  <decoration type="model" name="part_roadside_fruit_stand_02" position="-1202,36,-1972" rotation="1" />
  <decoration type="model" name="part_farm60_field_04" position="-1126,35,-1916" rotation="0" />
  <decoration type="model" name="part_roadside_fruit_stand_02" position="-1202,36,-1953" rotation="1" />
  <decoration type="model" name="rwg_tile_nmmmedievalvillage_cap" position="-1241,34,-1431" rotation="0" />
  <decoration type="model" name="xcostum_Medieval_Mill(by_VitaminE)" position="-1152,35,-1430" rotation="3" />
  <decoration type="model" name="NMM_Skinny_Finger(by_Arramus)" position="-1222,35,-1421" rotation="1" />
  <decoration type="model" name="xcostum_Medieval_Tavern(by_VitaminE)" position="-1240,30,-1368" rotation="1" />
  <decoration type="model" name="xcostum_Medieval_House_(by_Tom)" position="-1240,34,-1324" rotation="3" />
  <decoration type="model" name="xcostum_Medieval_Watermill(by_Pashmina)" position="-1134,34,-1368" rotation="3" />
  <decoration type="model" name="xcostum_Medieval_Clock_Tower(by_VitaminE)" position="-1134,35,-1324" rotation="1" />
  <decoration type="model" name="NMM_Oakraven_Trading_01(by_arramus)" position="-1178,34,-1307" rotation="3" />
  <decoration type="model" name="NMM_bric_a_brac_01" position="-1178,35,-1333" rotation="1" />
  <decoration type="model" name="xcostum_Medieval_Bakery(by_VitaminE)" position="-1178,34,-1359" rotation="3" />
  <decoration type="model" name="rwg_tile_nmmmedievalvillage_corner" position="-1391,34,-2031" rotation="1" />
  <decoration type="model" name="xcostum_Medieval_Galeon_Docks(by_VitaminE)" position="-1391,28,-2030" rotation="3" />
  <decoration type="model" name="NMM_ME-House_02(Shema)" position="-1268,35,-1986" rotation="0" />
  <decoration type="model" name="xcostum_Medieval_House_2(by_Guppycur)" position="-1268,34,-2021" rotation="3" />
  <decoration type="model" name="part_roadside_fruit_stand_01" position="-1253,36,-1908" rotation="3" />
  <decoration type="model" name="part_roadside_fruit_stand_02" position="-1253,36,-1892" rotation="3" />
  <decoration type="model" name="part_roadside_fruit_stand_01" position="-1269,36,-1893" rotation="1" />
  <decoration type="model" name="part_roadside_fruit_stand_02" position="-1267,36,-1908" rotation="1" />
  <decoration type="model" name="part_farm60_field_01" position="-1361,35,-1915" rotation="0" />
  <decoration type="model" name="rwg_tile_nmmmedievalvillage_cap" position="-1241,34,-2181" rotation="2" />
  <decoration type="model" name="xcostum_Medieval_Dragon_New(by_Ataxia78)" position="-1240,32,-2092" rotation="0" />
  <decoration type="model" name="xcostum_Medieval_Jarls_Estate(by_Eihwaz)" position="-1152,32,-2083" rotation="2" />
  <decoration type="model" name="NMM_remnant_house_04" position="-1134,35,-2136" rotation="3" />
  <decoration type="model" name="xcostum_Medieval_Clock_Tower(by_VitaminE)" position="-1134,35,-2180" rotation="1" />
  <decoration type="model" name="xcostum_Medieval_House_(by_Tom)" position="-1240,34,-2136" rotation="3" />
  <decoration type="model" name="xcostum_Medieval_Tavern(by_VitaminE)" position="-1240,30,-2180" rotation="1" />
  <decoration type="model" name="NMM_Oakraven_Trading_01(by_arramus)" position="-1179,34,-2180" rotation="1" />
  <decoration type="model" name="xcostum_Medieval_Tower(by_VitaminE)" position="-1179,35,-2154" rotation="1" />
  <decoration type="model" name="NMM_stables_01" position="-1179,35,-2128" rotation="3" />
  <decoration type="model" name="rwg_tile_gateway_cap" position="-1091,33,-1731" rotation="3" />
  <decoration type="model" name="trader_jen" position="-1078,35,-1646" rotation="0" />
  <decoration type="model" name="part_trader_tile_filler_03nmm" position="-1091,34,-1723" rotation="2" />
  <decoration type="model" name="rwg_tile_nmmmedievalvillage_intersection" position="85,36,585" rotation="3" />
  <decoration type="model" name="xcostum_Medieval_Dragon_New(by_Ataxia78)" position="169,34,669" rotation="2" />
  <decoration type="model" name="NMM_Friendly_Joust_Arena_01" position="169,37,591" rotation="3" />
  <decoration type="model" name="xcostum_Medieval_Mill(by_VitaminE)" position="91,37,591" rotation="1" />
  <decoration type="model" name="xcostum_Medieval_Stone_Church(by_WormPie)" position="91,27,669" rotation="2" />
  <decoration type="model" name="rwg_tile_nmmmedievalvillage_cap" position="85,36,435" rotation="2" />
  <decoration type="model" name="xcostum_Medieval_Windmill(by_Pashmina)" position="86,36,524" rotation="1" />
  <decoration type="model" name="xcostum_Medieval_Watermill(by_Pashmina)" position="174,36,533" rotation="3" />
  <decoration type="model" name="xcostum_Medieval_Tavern(by_VitaminE)" position="192,32,480" rotation="3" />
  <decoration type="model" name="NMM_Skinny_Finger(by_Arramus)" position="192,37,436" rotation="3" />
  <decoration type="model" name="xcostum_Medieval_Jarls_Estate(by_Eihwaz)" position="86,34,480" rotation="0" />
  <decoration type="model" name="xcostum_Medieval_Clock_Tower(by_VitaminE)" position="86,37,436" rotation="3" />
  <decoration type="model" name="xcostum_Medieval_Blacksmith_01(by_Laz_man)" position="147,37,436" rotation="0" />
  <decoration type="model" name="NMM_bric_a_brac_01" position="147,37,462" rotation="3" />
  <decoration type="model" name="xcostum_Medieval_Tower(by_VitaminE)" position="147,37,488" rotation="1" />
  <decoration type="model" name="rwg_tile_nmmmedievalvillage_t_02" position="-65,36,585" rotation="0" />
  <decoration type="model" name="xcostum_Medieval_Castle_Spartan_v3(by_Ericbeaudoin)" position="-64,34,594" rotation="0" />
  <decoration type="model" name="rwg_tile_nmmmedievalvillage_cap" position="85,36,735" rotation="0" />
  <decoration type="model" name="NMM_Bandits_Joust_Arena_01" position="174,37,736" rotation="3" />
  <decoration type="model" name="xcostum_Medieval_Windmill_Retro(by_Pashmina)" position="104,37,745" rotation="2" />
  <decoration type="model" name="xcostum_Medieval_House_(by_Tom)" position="86,36,798" rotation="3" />
  <decoration type="model" name="xcostum_Medieval_House_Pigeon(by_VitaminE)" position="86,37,842" rotation="3" />
  <decoration type="model" name="NMM_remnant_house_04" position="192,37,798" rotation="3" />
  <decoration type="model" name="xcostum_Medieval_Clock_Tower(by_VitaminE)" position="192,37,842" rotation="1" />
  <decoration type="model" name="NMM_stables_01" position="148,37,859" rotation="1" />
  <decoration type="model" name="xcostum_Medieval_Alchemist(by_VitaminE)" position="148,36,833" rotation="1" />
  <decoration type="model" name="NMM_bric_a_brac_01" position="148,37,807" rotation="1" />
  <decoration type="model" name="rwg_tile_nmmmedievalvillage_cap" position="-65,36,735" rotation="0" />
  <decoration type="model" name="xcostum_Medieval_Watermill(by_Pashmina)" position="-46,36,745" rotation="1" />
  <decoration type="model" name="xcostum_Medieval_Tavern(by_VitaminE)" position="-64,32,798" rotation="1" />
  <decoration type="model" name="xcostum_Medieval_Jarls_Estate(by_Eihwaz)" position="-64,34,842" rotation="0" />
  <decoration type="model" name="NMM_Skinny_Finger(by_Arramus)" position="42,37,798" rotation="3" />
  <decoration type="model" name="xcostum_Medieval_House_2(by_Guppycur)" position="-2,36,859" rotation="1" />
  <decoration type="model" name="xcostum_Medieval_Bakery(by_VitaminE)" position="-2,36,833" rotation="3" />
  <decoration type="model" name="NMM-shema-Medi-House1-25bl" position="-2,37,807" rotation="1" />
  <decoration type="model" name="rwg_tile_nmmmedievalvillage_straight" position="-65,36,435" rotation="0" />
  <decoration type="model" name="xcostum_Medieval_Castle(by_Libby)" position="-16,37,457" rotation="3" />
  <decoration type="model" name="part_farm60_field_04" position="-62,37,437" rotation="1" />
  <decoration type="model" name="part_farm60_field_03" position="-62,37,474" rotation="1" />
  <decoration type="model" name="part_farm60_field_02" position="-62,37,511" rotation="1" />
  <decoration type="model" name="part_farm60_field_01" position="-62,37,549" rotation="1" />
  <decoration type="model" name="rwg_tile_nmmmedievalvillage_cap" position="-65,36,285" rotation="2" />
  <decoration type="model" name="NMM_Friendly_Joust_Arena_01" position="-64,37,374" rotation="1" />
  <decoration type="model" name="xcostum_Medieval_House_Pigeon(by_VitaminE)" position="24,37,383" rotation="1" />
  <decoration type="model" name="xcostum_Medieval_House_(by_Tom)" position="42,36,330" rotation="1" />
  <decoration type="model" name="xcostum_Medieval_Windmill_Retro(by_Pashmina)" position="42,37,286" rotation="0" />
  <decoration type="model" name="xcostum_Medieval_Watermill(by_Pashmina)" position="-64,36,330" rotation="1" />
  <decoration type="model" name="xcostum_Medieval_Tavern(by_VitaminE)" position="-64,32,286" rotation="1" />
  <decoration type="model" name="NMM_Oakraven_Trading_01(by_arramus)" position="-3,36,286" rotation="1" />
  <decoration type="model" name="NMM_ME-House_02(Shema)" position="-3,37,312" rotation="0" />
  <decoration type="model" name="xcostum_Medieval_Alchemist(by_VitaminE)" position="-3,36,338" rotation="3" />
  <decoration type="model" name="rwg_tile_gateway_cap" position="235,35,585" rotation="3" />
  <decoration type="model" name="trader_Medieval_Tower(by_VitaminE)" position="246,37,666" rotation="2" />
  <decoration type="model" name="rwg_tile_nmmmedievalvillage_t_02" position="1720,34,-1753" rotation="0" />
  <decoration type="model" name="xcostum_Medieval_Castle_Spartan_v3(by_Ericbeaudoin)" position="1721,32,-1744" rotation="0" />
  <decoration type="model" name="rwg_tile_nmmmedievalvillage_straight" position="1720,34,-1903" rotation="0" />
  <decoration type="model" name="xcostum_Medieval_Sly_Ship(by_Unknown)" position="1769,35,-1881" rotation="3" />
  <decoration type="model" name="part_farm60_field_04" position="1723,35,-1901" rotation="1" />
  <decoration type="model" name="part_farm60_field_03" position="1723,35,-1864" rotation="1" />
  <decoration type="model" name="part_farm60_field_02" position="1723,35,-1827" rotation="1" />
  <decoration type="model" name="part_farm60_field_01" position="1723,35,-1789" rotation="1" />
  <decoration type="model" name="rwg_tile_nmmmedievalvillage_straight" position="1720,34,-1603" rotation="0" />
  <decoration type="model" name="xcostum_Medieval_Tudor_Village_01(by_Midnight_Peach)" position="1769,30,-1581" rotation="1" />
  <decoration type="model" name="part_farm60_field_04" position="1723,35,-1601" rotation="1" />
  <decoration type="model" name="part_farm60_field_03" position="1723,35,-1564" rotation="1" />
  <decoration type="model" name="part_farm60_field_02" position="1723,35,-1527" rotation="1" />
  <decoration type="model" name="part_farm60_field_01" position="1723,35,-1489" rotation="1" />
  <decoration type="model" name="rwg_tile_nmmmedievalvillage_cap" position="1720,34,-2053" rotation="2" />
  <decoration type="model" name="NMM_Friendly_Joust_Arena_01" position="1721,35,-1964" rotation="1" />
  <decoration type="model" name="NMM_Skinny_Finger(by_Arramus)" position="1809,35,-1955" rotation="3" />
  <decoration type="model" name="xcostum_Medieval_Clock_Tower(by_VitaminE)" position="1827,35,-2008" rotation="1" />
  <decoration type="model" name="xcostum_Medieval_House_Pigeon(by_VitaminE)" position="1827,35,-2052" rotation="1" />
  <decoration type="model" name="xcostum_Medieval_Watermill(by_Pashmina)" position="1721,34,-2008" rotation="1" />
  <decoration type="model" name="xcostum_Medieval_House_(by_Tom)" position="1721,34,-2052" rotation="3" />
  <decoration type="model" name="xcostum_Medieval_Alchemist(by_VitaminE)" position="1782,34,-2052" rotation="3" />
  <decoration type="model" name="NMM_ME-House_02(Shema)" position="1782,35,-2026" rotation="0" />
  <decoration type="model" name="xcostum_Medieval_Tower(by_VitaminE)" position="1782,35,-2000" rotation="1" />
  <decoration type="model" name="rwg_tile_nmmmedievalvillage_straight" position="1720,34,-1453" rotation="0" />
  <decoration type="model" name="xcostum_Medieval_Galera(by_VitaminE)" position="1769,33,-1431" rotation="2" />
  <decoration type="model" name="part_farm60_yard_03" position="1769,35,-1431" rotation="3" />
  <decoration type="model" name="part_farm60_field_04" position="1723,35,-1451" rotation="1" />
  <decoration type="model" name="part_farm60_field_03" position="1723,35,-1414" rotation="1" />
  <decoration type="model" name="part_farm60_field_02" position="1723,35,-1377" rotation="1" />
  <decoration type="model" name="part_farm60_field_01" position="1723,35,-1339" rotation="1" />
  <decoration type="model" name="rwg_tile_nmmmedievalvillage_straight" position="1720,34,-1303" rotation="0" />
  <decoration type="model" name="xcostum_Medieval_Castle(by_Libby)" position="1769,35,-1281" rotation="3" />
  <decoration type="model" name="part_farm60_field_04" position="1723,35,-1301" rotation="1" />
  <decoration type="model" name="part_farm60_field_03" position="1723,35,-1264" rotation="1" />
  <decoration type="model" name="part_farm60_field_02" position="1723,35,-1227" rotation="1" />
  <decoration type="model" name="part_farm60_field_01" position="1723,35,-1189" rotation="1" />
  <decoration type="model" name="rwg_tile_nmmmedievalvillage_cap" position="1720,34,-1153" rotation="0" />
  <decoration type="model" name="xcostum_Medieval_Mill(by_VitaminE)" position="1809,35,-1152" rotation="3" />
  <decoration type="model" name="xcostum_Medieval_Tavern(by_VitaminE)" position="1739,30,-1143" rotation="1" />
  <decoration type="model" name="xcostum_Medieval_Jarls_Estate(by_Eihwaz)" position="1721,32,-1090" rotation="0" />
  <decoration type="model" name="xcostum_Medieval_Windmill_Retro(by_Pashmina)" position="1721,35,-1046" rotation="2" />
  <decoration type="model" name="NMM_remnant_house_04" position="1827,35,-1090" rotation="3" />
  <decoration type="model" name="xcostum_Medieval_House_Pigeon(by_VitaminE)" position="1827,35,-1046" rotation="1" />
  <decoration type="model" name="xcostum_Medieval_Blacksmith_01(by_Laz_man)" position="1783,35,-1029" rotation="2" />
  <decoration type="model" name="NMM-shema-Medi-House1-25bl" position="1783,35,-1055" rotation="1" />
  <decoration type="model" name="NMM_Oakraven_Trading_01(by_arramus)" position="1783,34,-1081" rotation="3" />
  <decoration type="model" name="rwg_tile_gateway_cap" position="1870,33,-1753" rotation="3" />
  <decoration type="model" name="trader_joel" position="1891,35,-1665" rotation="0" />
  <decoration type="model" name="part_trader_tile_filler_02nmm" position="1870,33,-1745" rotation="2" />
  <decoration type="model" name="rwg_tile_nmmmedievalvillage_t_02" position="-757,35,-642" rotation="1" />
  <decoration type="model" name="xcostum_Medieval_Castle_Spartan_v3(by_Ericbeaudoin)" position="-748,33,-641" rotation="1" />
  <decoration type="model" name="rwg_tile_nmmmedievalvillage_intersection" position="-907,35,-642" rotation="0" />
  <decoration type="model" name="xcostum_Medieval_Windmill(by_Pashmina)" position="-901,35,-558" rotation="0" />
  <decoration type="model" name="xcostum_Medieval_Dragon_New(by_Ataxia78)" position="-823,33,-558" rotation="3" />
  <decoration type="model" name="NMM_Friendly_Joust_Arena_01" position="-823,36,-636" rotation="2" />
  <decoration type="model" name="xcostum_Medieval_Mill(by_VitaminE)" position="-901,36,-636" rotation="2" />
  <decoration type="model" name="rwg_tile_nmmmedievalvillage_straight" position="-757,35,-492" rotation="0" />
  <decoration type="model" name="xcostum_Medieval_Tudor_Village_01(by_Midnight_Peach)" position="-708,31,-470" rotation="1" />
  <decoration type="model" name="part_farm60_field_04" position="-754,36,-490" rotation="1" />
  <decoration type="model" name="part_farm60_field_03" position="-754,36,-453" rotation="1" />
  <decoration type="model" name="part_farm60_field_02" position="-754,36,-416" rotation="1" />
  <decoration type="model" name="part_farm60_field_01" position="-754,36,-378" rotation="1" />
  <decoration type="model" name="rwg_tile_nmmmedievalvillage_cap" position="-907,35,-792" rotation="2" />
  <decoration type="model" name="xcostum_Medieval_Stone_Church(by_WormPie)" position="-906,26,-703" rotation="2" />
  <decoration type="model" name="xcostum_Medieval_Clock_Tower(by_VitaminE)" position="-818,36,-694" rotation="1" />
  <decoration type="model" name="xcostum_Medieval_Tavern(by_VitaminE)" position="-800,31,-747" rotation="3" />
  <decoration type="model" name="xcostum_Medieval_Jarls_Estate(by_Eihwaz)" position="-800,33,-791" rotation="2" />
  <decoration type="model" name="xcostum_Medieval_House_Pigeon(by_VitaminE)" position="-906,36,-747" rotation="3" />
  <decoration type="model" name="xcostum_Medieval_Watermill(by_Pashmina)" position="-906,35,-791" rotation="1" />
  <decoration type="model" name="xcostum_Medieval_Tower(by_VitaminE)" position="-845,36,-791" rotation="1" />
  <decoration type="model" name="NMM_Oakraven_Trading_01(by_arramus)" position="-845,35,-765" rotation="1" />
  <decoration type="model" name="xcostum_Medieval_Blacksmith_01(by_Laz_man)" position="-845,36,-739" rotation="0" />
  <decoration type="model" name="rwg_tile_nmmmedievalvillage_cap" position="-1057,35,-642" rotation="1" />
  <decoration type="model" name="NMM_Bandits_Joust_Arena_01" position="-968,36,-553" rotation="0" />
  <decoration type="model" name="xcostum_Medieval_Windmill_Retro(by_Pashmina)" position="-959,36,-623" rotation="3" />
  <decoration type="model" name="xcostum_Medieval_House_(by_Tom)" position="-1012,35,-641" rotation="0" />
  <decoration type="model" name="NMM_Skinny_Finger(by_Arramus)" position="-1056,36,-641" rotation="2" />
  <decoration type="model" name="NMM_remnant_house_04" position="-1012,36,-535" rotation="0" />
  <decoration type="model" name="xcostum_Medieval_Tavern(by_VitaminE)" position="-1056,31,-535" rotation="0" />
  <decoration type="model" name="NMM_stables_01" position="-1056,36,-579" rotation="2" />
  <decoration type="model" name="xcostum_Medieval_Bakery(by_VitaminE)" position="-1030,35,-579" rotation="0" />
  <decoration type="model" name="xcostum_Medieval_House_2(by_Guppycur)" position="-1004,35,-579" rotation="2" />
  <decoration type="model" name="rwg_tile_nmmmedievalvillage_cap" position="-907,35,-492" rotation="0" />
  <decoration type="model" name="xcostum_Medieval_Watermill(by_Pashmina)" position="-888,35,-482" rotation="1" />
  <decoration type="model" name="xcostum_Medieval_Jarls_Estate(by_Eihwaz)" position="-906,33,-429" rotation="0" />
  <decoration type="model" name="xcostum_Medieval_House_Pigeon(by_VitaminE)" position="-906,36,-385" rotation="3" />
  <decoration type="model" name="NMM_Skinny_Finger(by_Arramus)" position="-800,36,-429" rotation="3" />
  <decoration type="model" name="xcostum_Medieval_House_(by_Tom)" position="-800,35,-385" rotation="1" />
  <decoration type="model" name="xcostum_Medieval_Blacksmith_01(by_Laz_man)" position="-844,36,-368" rotation="2" />
  <decoration type="model" name="NMM_bric_a_brac_01" position="-844,36,-394" rotation="1" />
  <decoration type="model" name="xcostum_Medieval_Tower(by_VitaminE)" position="-844,36,-420" rotation="3" />
  <decoration type="model" name="rwg_tile_nmmmedievalvillage_cap" position="-757,35,-342" rotation="0" />
  <decoration type="model" name="xcostum_Medieval_Mill(by_VitaminE)" position="-668,36,-341" rotation="3" />
  <decoration type="model" name="xcostum_Medieval_Tavern(by_VitaminE)" position="-738,31,-332" rotation="1" />
  <decoration type="model" name="xcostum_Medieval_Windmill_Retro(by_Pashmina)" position="-756,36,-279" rotation="2" />
  <decoration type="model" name="xcostum_Medieval_Clock_Tower(by_VitaminE)" position="-756,36,-235" rotation="3" />
  <decoration type="model" name="NMM_remnant_house_04" position="-650,36,-279" rotation="3" />
  <decoration type="model" name="xcostum_Medieval_Watermill(by_Pashmina)" position="-650,35,-235" rotation="3" />
  <decoration type="model" name="xcostum_Medieval_Alchemist(by_VitaminE)" position="-694,35,-218" rotation="1" />
  <decoration type="model" name="NMM_ME-House_02(Shema)" position="-694,36,-244" rotation="2" />
  <decoration type="model" name="NMM_stables_01" position="-694,36,-270" rotation="1" />
  <decoration type="model" name="rwg_tile_gateway_cap" position="-607,34,-642" rotation="3" />
  <decoration type="model" name="trader_hugh" position="-596,29,-561" rotation="0" />
  <decoration type="model" name="part_trader_tile_filler_01nmm" position="-607,35,-634" rotation="2" />
  <decoration type="model" name="rwg_tile_nmmmedievalvillage_corner_02" position="709,36,455" rotation="1" />
  <decoration type="model" name="xcostum_Medieval_Doune_Castle_Riah(by_Riahsaurus_Rex)" position="753,37,487" rotation="3" />
  <decoration type="model" name="xcostum_Medieval_Bakery(by_VitaminE)" position="832,36,500" rotation="1" />
  <decoration type="model" name="xcostum_Medieval_Alchemist(by_VitaminE)" position="832,36,465" rotation="3" />
  <decoration type="model" name="part_roadside_fruit_stand_01" position="847,38,578" rotation="3" />
  <decoration type="model" name="part_roadside_fruit_stand_02" position="847,38,594" rotation="3" />
  <decoration type="model" name="part_roadside_fruit_stand_01" position="831,38,593" rotation="1" />
  <decoration type="model" name="part_roadside_fruit_stand_02" position="833,38,578" rotation="1" />
  <decoration type="model" name="part_farm60_field_03" position="739,37,571" rotation="0" />
  <decoration type="model" name="rwg_tile_nmmmedievalvillage_straight" position="709,36,605" rotation="0" />
  <decoration type="model" name="xcostum_Medieval_Galera(by_VitaminE)" position="758,35,627" rotation="2" />
  <decoration type="model" name="part_farm60_yard_03" position="758,37,627" rotation="3" />
  <decoration type="model" name="part_farm60_field_04" position="712,37,607" rotation="1" />
  <decoration type="model" name="part_farm60_field_03" position="712,37,644" rotation="1" />
  <decoration type="model" name="part_farm60_field_02" position="712,37,681" rotation="1" />
  <decoration type="model" name="part_farm60_field_01" position="712,37,719" rotation="1" />
  <decoration type="model" name="rwg_tile_nmmmedievalvillage_straight" position="709,36,755" rotation="0" />
  <decoration type="model" name="xcostum_Medieval_Tudor_Village_01(by_Midnight_Peach)" position="758,32,777" rotation="1" />
  <decoration type="model" name="part_farm60_field_04" position="712,37,757" rotation="1" />
  <decoration type="model" name="part_farm60_field_03" position="712,37,794" rotation="1" />
  <decoration type="model" name="part_farm60_field_02" position="712,37,831" rotation="1" />
  <decoration type="model" name="part_farm60_field_01" position="712,37,869" rotation="1" />
  <decoration type="model" name="rwg_tile_nmmmedievalvillage_t_02" position="709,36,905" rotation="2" />
  <decoration type="model" name="xcostum_Medieval_Castle_Spartan_v3(by_Ericbeaudoin)" position="719,34,914" rotation="2" />
  <decoration type="model" name="rwg_tile_nmmmedievalvillage_cap" position="559,36,905" rotation="1" />
  <decoration type="model" name="xcostum_Medieval_Dragon_New(by_Ataxia78)" position="648,34,994" rotation="3" />
  <decoration type="model" name="xcostum_Medieval_Watermill(by_Pashmina)" position="657,36,924" rotation="2" />
  <decoration type="model" name="xcostum_Medieval_Tavern(by_VitaminE)" position="604,32,906" rotation="2" />
  <decoration type="model" name="xcostum_Medieval_Windmill_Retro(by_Pashmina)" position="560,37,906" rotation="3" />
  <decoration type="model" name="xcostum_Medieval_House_(by_Tom)" position="604,36,1012" rotation="2" />
  <decoration type="model" name="xcostum_Medieval_House_Pigeon(by_VitaminE)" position="560,37,1012" rotation="2" />
  <decoration type="model" name="xcostum_Medieval_Tower(by_VitaminE)" position="560,37,968" rotation="0" />
  <decoration type="model" name="NMM_Oakraven_Trading_01(by_arramus)" position="586,36,968" rotation="0" />
  <decoration type="model" name="xcostum_Medieval_Blacksmith_01(by_Laz_man)" position="612,37,968" rotation="3" />
  <decoration type="model" name="rwg_tile_nmmmedievalvillage_cap" position="709,36,1055" rotation="0" />
  <decoration type="model" name="NMM_Friendly_Joust_Arena_01" position="798,37,1056" rotation="3" />
  <decoration type="model" name="NMM_Skinny_Finger(by_Arramus)" position="728,37,1065" rotation="1" />
  <decoration type="model" name="xcostum_Medieval_Clock_Tower(by_VitaminE)" position="710,37,1118" rotation="3" />
  <decoration type="model" name="xcostum_Medieval_Jarls_Estate(by_Eihwaz)" position="710,34,1162" rotation="0" />
  <decoration type="model" name="NMM_remnant_house_04" position="816,37,1118" rotation="3" />
  <decoration type="model" name="xcostum_Medieval_Windmill_Retro(by_Pashmina)" position="816,37,1162" rotation="0" />
  <decoration type="model" name="NMM_ME-House_02(Shema)" position="772,37,1179" rotation="2" />
  <decoration type="model" name="NMM-shema-Medi-House1-25bl" position="772,37,1153" rotation="1" />
  <decoration type="model" name="NMM_bric_a_brac_01" position="772,37,1127" rotation="1" />
  <decoration type="model" name="rwg_tile_gateway_cap" position="859,35,455" rotation="3" />
  <decoration type="model" name="trader_Medieval_Alchemist(by_VitaminE)" position="870,36,536" rotation="0" />
  <decoration type="model" name="part_trader_tile_filler_01nmm" position="859,36,463" rotation="2" />
  <decoration type="model" name="rwg_tile_nmmmedievalvillage_t_02" position="-1468,37,1693" rotation="1" />
  <decoration type="model" name="xcostum_Medieval_Castle_Spartan_v3(by_Ericbeaudoin)" position="-1459,35,1694" rotation="1" />
  <decoration type="model" name="rwg_tile_nmmmedievalvillage_cap" position="-1618,37,1693" rotation="1" />
  <decoration type="model" name="xcostum_Medieval_Dragon_New(by_Ataxia78)" position="-1529,35,1782" rotation="3" />
  <decoration type="model" name="xcostum_Medieval_Tavern(by_VitaminE)" position="-1520,33,1712" rotation="2" />
  <decoration type="model" name="xcostum_Medieval_Windmill_Retro(by_Pashmina)" position="-1573,38,1694" rotation="3" />
  <decoration type="model" name="xcostum_Medieval_House_(by_Tom)" position="-1617,37,1694" rotation="0" />
  <decoration type="model" name="xcostum_Medieval_House_Pigeon(by_VitaminE)" position="-1573,38,1800" rotation="2" />
  <decoration type="model" name="xcostum_Medieval_Jarls_Estate(by_Eihwaz)" position="-1617,35,1800" rotation="3" />
  <decoration type="model" name="xcostum_Medieval_Blacksmith_01(by_Laz_man)" position="-1617,38,1756" rotation="3" />
  <decoration type="model" name="NMM_stables_01" position="-1591,38,1756" rotation="2" />
  <decoration type="model" name="NMM_bric_a_brac_01" position="-1565,38,1756" rotation="2" />
  <decoration type="model" name="rwg_tile_nmmmedievalvillage_t_03" position="-1468,37,1843" rotation="2" />
  <decoration type="model" name="xcostum_Medieval_Cursed_Manor(by_WildPig_and_Arramus)" position="-1433,29,1878" rotation="3" />
  <decoration type="model" name="part_driveway_rural_01" position="-1402,38,1958" rotation="2" />
  <decoration type="model" name="part_driveway_rural_01" position="-1389,38,1958" rotation="2" />
  <decoration type="model" name="part_chicken_coup_04" position="-1364,38,1867" rotation="2" />
  <decoration type="model" name="part_chicken_coup_04" position="-1349,38,1882" rotation="3" />
  <decoration type="model" name="part_farm60_corncrib_02" position="-1364,38,1962" rotation="0" />
  <decoration type="model" name="part_roadside_fruit_stand_02" position="-1444,39,1880" rotation="1" />
  <decoration type="model" name="part_roadside_fruit_stand_01" position="-1446,39,1947" rotation="1" />
  <decoration type="model" name="part_roadside_fruit_stand_01" position="-1432,39,1962" rotation="0" />
  <decoration type="model" name="part_roadside_fruit_stand_01" position="-1349,39,1947" rotation="3" />
  <decoration type="model" name="part_roadside_fruit_stand_01" position="-1432,39,1865" rotation="2" />
  <decoration type="model" name="rwg_tile_nmmmedievalvillage_straight" position="-1618,37,1843" rotation="3" />
  <decoration type="model" name="xcostum_Medieval_Tudor_Village_01(by_Midnight_Peach)" position="-1596,33,1844" rotation="0" />
  <decoration type="model" name="part_farm60_field_04" position="-1616,38,1957" rotation="0" />
  <decoration type="model" name="part_farm60_field_03" position="-1579,38,1957" rotation="0" />
  <decoration type="model" name="part_farm60_field_02" position="-1542,38,1957" rotation="0" />
  <decoration type="model" name="part_farm60_field_01" position="-1504,38,1957" rotation="0" />
  <decoration type="model" name="rwg_tile_nmmmedievalvillage_corner_02" position="-1468,37,1993" rotation="0" />
  <decoration type="model" name="xcostum_Medieval_Doune_Castle_Riah(by_Riahsaurus_Rex)" position="-1436,38,2029" rotation="2" />
  <decoration type="model" name="NMM_Oakraven_Trading_01(by_arramus)" position="-1423,37,1995" rotation="0" />
  <decoration type="model" name="xcostum_Medieval_Alchemist(by_VitaminE)" position="-1458,37,1995" rotation="2" />
  <decoration type="model" name="part_roadside_fruit_stand_01" position="-1345,39,1996" rotation="2" />
  <decoration type="model" name="part_roadside_fruit_stand_02" position="-1329,39,1998" rotation="2" />
  <decoration type="model" name="part_roadside_fruit_stand_01" position="-1330,39,2012" rotation="0" />
  <decoration type="model" name="part_roadside_fruit_stand_02" position="-1345,39,2012" rotation="0" />
  <decoration type="model" name="part_farm60_yard_02" position="-1352,37,2120" rotation="3" />
  <decoration type="model" name="part_farm60_field_01" position="-1352,38,2080" rotation="3" />
  <decoration type="model" name="rwg_tile_nmmmedievalvillage_t" position="-1768,37,1843" rotation="0" />
  <decoration type="model" name="NMM_Skinny_Finger(by_Arramus)" position="-1714,38,1919" rotation="2" />
  <decoration type="model" name="xcostum_Medieval_Watermill(by_Pashmina)" position="-1714,37,1872" rotation="0" />
  <decoration type="model" name="part_chicken_coup_04" position="-1731,38,1931" rotation="1" />
  <decoration type="model" name="part_farm60_corncrib_02" position="-1731,38,1919" rotation="1" />
  <decoration type="model" name="part_farm60_field_02" position="-1654,38,1957" rotation="0" />
  <decoration type="model" name="part_roadside_fruit_stand_01" position="-1664,39,1925" rotation="3" />
  <decoration type="model" name="part_farm60_field_04" position="-1766,38,1845" rotation="2" />
  <decoration type="model" name="part_roadside_fruit_stand_02" position="-1664,39,1906" rotation="3" />
  <decoration type="model" name="rwg_tile_nmmmedievalvillage_cap" position="-1318,37,1993" rotation="3" />
  <decoration type="model" name="xcostum_Medieval_Windmill(by_Pashmina)" position="-1317,37,1994" rotation="2" />
  <decoration type="model" name="xcostum_Medieval_Clock_Tower(by_VitaminE)" position="-1308,38,2082" rotation="2" />
  <decoration type="model" name="NMM_remnant_house_04" position="-1255,38,2100" rotation="0" />
  <decoration type="model" name="xcostum_Medieval_Watermill(by_Pashmina)" position="-1211,37,2100" rotation="0" />
  <decoration type="model" name="xcostum_Medieval_Tavern(by_VitaminE)" position="-1255,33,1994" rotation="2" />
  <decoration type="model" name="xcostum_Medieval_House_Pigeon(by_VitaminE)" position="-1211,38,1994" rotation="0" />
  <decoration type="model" name="xcostum_Medieval_Blacksmith_01(by_Laz_man)" position="-1194,38,2055" rotation="1" />
  <decoration type="model" name="xcostum_Medieval_Tower(by_VitaminE)" position="-1220,38,2055" rotation="2" />
  <decoration type="model" name="NMM_ME-House_02(Shema)" position="-1246,38,2055" rotation="1" />
  <decoration type="model" name="rwg_tile_nmmmedievalvillage_cap" position="-1768,37,1693" rotation="2" />
  <decoration type="model" name="xcostum_Medieval_Mill(by_VitaminE)" position="-1767,38,1782" rotation="1" />
  <decoration type="model" name="xcostum_Medieval_Clock_Tower(by_VitaminE)" position="-1679,38,1791" rotation="1" />
  <decoration type="model" name="NMM_remnant_house_04" position="-1661,38,1738" rotation="3" />
  <decoration type="model" name="NMM-shema-Medi-House1-25bl" position="-1706,38,1694" rotation="3" />
  <decoration type="model" name="xcostum_Medieval_Bakery(by_VitaminE)" position="-1706,37,1720" rotation="1" />
  <decoration type="model" name="xcostum_Medieval_Alchemist(by_VitaminE)" position="-1706,37,1746" rotation="3" />
  <decoration type="model" name="rwg_tile_nmmmedievalvillage_cap" position="-1768,37,1993" rotation="0" />
  <decoration type="model" name="xcostum_Medieval_Windmill(by_Pashmina)" position="-1679,37,1994" rotation="3" />
  <decoration type="model" name="xcostum_Medieval_Windmill_Retro(by_Pashmina)" position="-1749,38,2003" rotation="2" />
  <decoration type="model" name="xcostum_Medieval_Tavern(by_VitaminE)" position="-1767,33,2056" rotation="1" />
  <decoration type="model" name="xcostum_Medieval_House_(by_Tom)" position="-1767,37,2100" rotation="3" />
  <decoration type="model" name="NMM_remnant_house_04" position="-1661,38,2056" rotation="3" />
  <decoration type="model" name="xcostum_Medieval_House_Pigeon(by_VitaminE)" position="-1661,38,2100" rotation="1" />
  <decoration type="model" name="NMM_Oakraven_Trading_01(by_arramus)" position="-1705,37,2117" rotation="3" />
  <decoration type="model" name="xcostum_Medieval_Tower(by_VitaminE)" position="-1705,38,2091" rotation="3" />
  <decoration type="model" name="NMM_bric_a_brac_01" position="-1705,38,2065" rotation="1" />
  <decoration type="model" name="rwg_tile_gateway_cap" position="-1318,36,1693" rotation="3" />
  <decoration type="model" name="trader_rekt" position="-1299,38,1780" rotation="0" />
  <decoration type="model" name="part_trader_tile_filler_01nmm" position="-1318,37,1701" rotation="2" />
  <decoration type="model" name="rwg_tile_nmmmedievalvillage_intersection" position="1406,34,101" rotation="0" />
  <decoration type="model" name="xcostum_Medieval_Mill(by_VitaminE)" position="1412,35,185" rotation="0" />
  <decoration type="model" name="xcostum_Medieval_Dragon_New(by_Ataxia78)" position="1490,32,185" rotation="3" />
  <decoration type="model" name="NMM_Friendly_Joust_Arena_01" position="1490,35,107" rotation="2" />
  <decoration type="model" name="xcostum_Medieval_Windmill(by_Pashmina)" position="1412,34,107" rotation="2" />
  <decoration type="model" name="rwg_tile_nmmmedievalvillage_corner_02" position="1406,34,251" rotation="0" />
  <decoration type="model" name="xcostum_Medieval_Doune_Castle_Riah(by_Riahsaurus_Rex)" position="1438,35,287" rotation="2" />
  <decoration type="model" name="xcostum_Medieval_Bakery(by_VitaminE)" position="1451,34,253" rotation="0" />
  <decoration type="model" name="xcostum_Medieval_Blacksmith_01(by_Laz_man)" position="1416,35,253" rotation="3" />
  <decoration type="model" name="part_roadside_fruit_stand_01" position="1529,36,254" rotation="2" />
  <decoration type="model" name="part_roadside_fruit_stand_02" position="1545,36,256" rotation="2" />
  <decoration type="model" name="part_roadside_fruit_stand_01" position="1544,36,270" rotation="0" />
  <decoration type="model" name="part_roadside_fruit_stand_02" position="1529,36,270" rotation="0" />
  <decoration type="model" name="part_farm60_field_03" position="1522,35,338" rotation="3" />
  <decoration type="model" name="rwg_tile_nmmmedievalvillage_corner" position="1556,34,251" rotation="2" />
  <decoration type="model" name="xcostum_Medieval_DnY_CastleM1(by_SirLoachalot)" position="1595,29,251" rotation="2" />
  <decoration type="model" name="NMM_Oakraven_Trading_01(by_arramus)" position="1636,34,374" rotation="2" />
  <decoration type="model" name="NMM_ME-House_02(Shema)" position="1671,35,374" rotation="1" />
  <decoration type="model" name="part_roadside_fruit_stand_01" position="1573,36,389" rotation="0" />
  <decoration type="model" name="part_roadside_fruit_stand_02" position="1558,36,389" rotation="0" />
  <decoration type="model" name="part_roadside_fruit_stand_01" position="1558,36,373" rotation="2" />
  <decoration type="model" name="part_roadside_fruit_stand_02" position="1574,36,375" rotation="2" />
  <decoration type="model" name="part_farm60_field_03" position="1557,35,281" rotation="1" />
  <decoration type="model" name="rwg_tile_nmmmedievalvillage_corner" position="1556,34,101" rotation="3" />
  <decoration type="model" name="xcostum_Medieval_Stillwater_Castle(by_Eko)" position="1596,32,140" rotation="1" />
  <decoration type="model" name="xcostum_Medieval_House_2(by_Guppycur)" position="1558,34,181" rotation="1" />
  <decoration type="model" name="NMM_bric_a_brac_01" position="1558,35,216" rotation="1" />
  <decoration type="model" name="part_roadside_fruit_stand_01" position="1559,36,118" rotation="1" />
  <decoration type="model" name="part_roadside_fruit_stand_02" position="1561,36,103" rotation="1" />
  <decoration type="model" name="part_roadside_fruit_stand_01" position="1575,36,103" rotation="3" />
  <decoration type="model" name="part_roadside_fruit_stand_02" position="1575,36,119" rotation="3" />
  <decoration type="model" name="part_farm60_yard_02" position="1683,34,102" rotation="2" />
  <decoration type="model" name="part_farm60_field_03" position="1643,35,102" rotation="2" />
  <decoration type="model" name="rwg_tile_nmmmedievalvillage_cap" position="1556,34,401" rotation="0" />
  <decoration type="model" name="xcostum_Medieval_Stone_Church(by_WormPie)" position="1645,25,402" rotation="0" />
  <decoration type="model" name="xcostum_Medieval_House_Pigeon(by_VitaminE)" position="1575,35,411" rotation="3" />
  <decoration type="model" name="xcostum_Medieval_House_(by_Tom)" position="1557,34,464" rotation="3" />
  <decoration type="model" name="xcostum_Medieval_Tavern(by_VitaminE)" position="1557,30,508" rotation="1" />
  <decoration type="model" name="xcostum_Medieval_Watermill(by_Pashmina)" position="1663,34,464" rotation="3" />
  <decoration type="model" name="NMM_Skinny_Finger(by_Arramus)" position="1663,35,508" rotation="3" />
  <decoration type="model" name="xcostum_Medieval_Alchemist(by_VitaminE)" position="1619,34,525" rotation="1" />
  <decoration type="model" name="NMM_stables_01" position="1619,35,499" rotation="1" />
  <decoration type="model" name="xcostum_Medieval_Tower(by_VitaminE)" position="1619,35,473" rotation="3" />
  <decoration type="model" name="rwg_tile_nmmmedievalvillage_intersection" position="1556,34,-49" rotation="0" />
  <decoration type="model" name="NMM_Bandits_Joust_Arena_01" position="1562,35,35" rotation="0" />
  <decoration type="model" name="xcostum_Medieval_Stone_Church(by_WormPie)" position="1640,25,35" rotation="1" />
  <decoration type="model" name="xcostum_Medieval_Mill(by_VitaminE)" position="1640,35,-43" rotation="2" />
  <decoration type="model" name="rwg_tile_nmmmedievalvillage_corner" position="1406,34,-49" rotation="1" />
  <decoration type="model" name="xcostum_Medieval_Notre_Damn(by_TehKarmah)" position="1406,26,-48" rotation="1" />
  <decoration type="model" name="NMM_Oakraven_Trading_01(by_arramus)" position="1529,34,-4" rotation="1" />
  <decoration type="model" name="xcostum_Medieval_Blacksmith_01(by_Laz_man)" position="1529,35,-39" rotation="0" />
  <decoration type="model" name="part_roadside_fruit_stand_01" position="1544,36,74" rotation="3" />
  <decoration type="model" name="part_roadside_fruit_stand_02" position="1544,36,90" rotation="3" />
  <decoration type="model" name="part_roadside_fruit_stand_01" position="1528,36,89" rotation="1" />
  <decoration type="model" name="part_roadside_fruit_stand_02" position="1530,36,74" rotation="1" />
  <decoration type="model" name="part_farm60_yard_02" position="1413,34,67" rotation="0" />
  <decoration type="model" name="part_farm60_field_01" position="1436,35,67" rotation="0" />
  <decoration type="model" name="rwg_tile_nmmmedievalvillage_cap" position="1706,34,-49" rotation="3" />
  <decoration type="model" name="xcostum_Medieval_Windmill(by_Pashmina)" position="1707,34,-48" rotation="2" />
  <decoration type="model" name="xcostum_Medieval_Watermill(by_Pashmina)" position="1716,34,40" rotation="0" />
  <decoration type="model" name="NMM_Skinny_Finger(by_Arramus)" position="1769,35,58" rotation="0" />
  <decoration type="model" name="xcostum_Medieval_Clock_Tower(by_VitaminE)" position="1813,35,58" rotation="2" />
  <decoration type="model" name="xcostum_Medieval_House_(by_Tom)" position="1769,34,-48" rotation="0" />
  <decoration type="model" name="xcostum_Medieval_House_Pigeon(by_VitaminE)" position="1813,35,-48" rotation="0" />
  <decoration type="model" name="NMM_ME-House_02(Shema)" position="1830,35,13" rotation="1" />
  <decoration type="model" name="NMM_bric_a_brac_01" position="1804,35,13" rotation="0" />
  <decoration type="model" name="xcostum_Medieval_Bakery(by_VitaminE)" position="1778,34,13" rotation="2" />
  <decoration type="model" name="rwg_tile_nmmmedievalvillage_cap" position="1556,34,-199" rotation="2" />
  <decoration type="model" name="xcostum_Medieval_Dragon_New(by_Ataxia78)" position="1557,32,-110" rotation="0" />
  <decoration type="model" name="xcostum_Medieval_Tavern(by_VitaminE)" position="1645,30,-101" rotation="3" />
  <decoration type="model" name="xcostum_Medieval_Windmill_Retro(by_Pashmina)" position="1663,35,-154" rotation="0" />
  <decoration type="model" name="xcostum_Medieval_Jarls_Estate(by_Eihwaz)" position="1663,32,-198" rotation="2" />
  <decoration type="model" name="NMM_remnant_house_04" position="1557,35,-154" rotation="1" />
  <decoration type="model" name="xcostum_Medieval_Clock_Tower(by_VitaminE)" position="1557,35,-198" rotation="3" />
  <decoration type="model" name="NMM_stables_01" position="1618,35,-198" rotation="3" />
  <decoration type="model" name="xcostum_Medieval_Tower(by_VitaminE)" position="1618,35,-172" rotation="1" />
  <decoration type="model" name="xcostum_Medieval_House_2(by_Guppycur)" position="1618,34,-146" rotation="3" />
  <decoration type="model" name="rwg_tile_gateway_cap" position="1256,33,101" rotation="1" />
  <decoration type="model" name="trader_bob" position="1354,35,122" rotation="2" />
  <decoration type="model" name="cabin_02" position="1136,34,-2404" rotation="2" />
  <decoration type="model" name="survivor_site_02" position="-2048,35,-2488" rotation="2" />
  <decoration type="model" name="abandoned_house_07" position="-1799,36,-2478" rotation="0" />
  <decoration type="model" name="NMM_Cave_01" position="-2394,35,-22" rotation="2" />
  <decoration type="model" name="cabin_06" position="1302,32,-2278" rotation="2" />
  <decoration type="model" name="ranger_station_02" position="-1280,36,-177" rotation="3" />
  <decoration type="model" name="field_concert_01" position="-2513,35,1926" rotation="1" />
  <decoration type="model" name="part_concert_sign_01" position="-2498,40,1953" rotation="1" />
  <decoration type="model" name="part_kiosk_foodtrailer_01" position="-2467,36,1929" rotation="2" />
  <decoration type="model" name="ranger_station_03" position="2328,35,1394" rotation="1" />
  <decoration type="model" name="NMM_vanilla_cave_03" position="-2321,5,1917" rotation="1" />
  <decoration type="model" name="cabin_10" position="138,31,-521" rotation="3" />
  <decoration type="model" name="survivor_site_01" position="738,35,-2267" rotation="1" />
  <decoration type="model" name="gas_station_04" position="2189,27,728" rotation="3" />
  <decoration type="model" name="lodge_01" position="1395,33,1010" rotation="1" />
  <decoration type="model" name="gas_station_02" position="2158,36,-648" rotation="2" />
  <decoration type="model" name="cabin_09" position="2388,36,-1221" rotation="3" />
  <decoration type="model" name="cabin_13" position="-2099,30,1744" rotation="0" />
  <decoration type="model" name="survivor_site_08" position="981,48,2439" rotation="0" />
  <decoration type="model" name="survivor_site_06" position="-877,40,451" rotation="1" />
  <decoration type="model" name="cabin_07" position="-2377,41,-1139" rotation="0" />
  <decoration type="model" name="abandoned_house_04" position="-794,36,1698" rotation="2" />
  <decoration type="model" name="NMM_Chicken_Itza(by_Mexico664)" position="1199,16,2506" rotation="0" />
  <decoration type="model" name="xcostum_Medieval_Cursed_Manor(by_WildPig_and_Arramus)" position="2296,27,-969" rotation="0" />
  <decoration type="model" name="part_driveway_rural_01" position="2293,36,-938" rotation="3" />
  <decoration type="model" name="part_driveway_rural_01" position="2293,36,-925" rotation="3" />
  <decoration type="model" name="house_old_victorian_03" position="1425,32,1185" rotation="1" />
  <decoration type="model" name="cabin_04" position="-1534,35,-15" rotation="1" />
  <decoration type="model" name="cave_01" position="-2212,21,-2474" rotation="0" />
  <decoration type="model" name="survivor_site_04" position="-1529,33,-1510" rotation="1" />
  <decoration type="model" name="house_old_spanish_01" position="2078,21,-169" rotation="0" />
  <decoration type="model" name="survivor_site_03" position="780,36,-1243" rotation="0" />
  <decoration type="model" name="abandoned_house_06" position="2355,36,-2199" rotation="2" />
  <decoration type="model" name="ranger_station_05" position="-217,41,-2224" rotation="2" />
  <decoration type="model" name="army_camp_01" position="-538,34,-17" rotation="1" />
  <decoration type="model" name="ranger_station_07" position="-1830,33,-42" rotation="2" />
  <decoration type="model" name="cabin_01" position="-2225,36,-1779" rotation="1" />
  <decoration type="model" name="abandoned_house_02" position="-2275,47,-665" rotation="0" />
  <decoration type="model" name="NMM_vanilla_cave_04" position="-289,26,1991" rotation="1" />
  <decoration type="model" name="abandoned_house_01" position="2421,36,-557" rotation="3" />
  <decoration type="model" name="cabin_12" position="301,34,1784" rotation="3" />
  <decoration type="model" name="army_barracks_01" position="1497,31,-2405" rotation="0" />
  <decoration type="model" name="gas_station_08" position="1152,31,-701" rotation="2" />
  <decoration type="model" name="NMM_vanilla_cave_02" position="2274,20,-2369" rotation="3" />
  <decoration type="model" name="bombshelter_02" position="1870,18,2184" rotation="1" />
  <decoration type="model" name="NMM_friendlychurch_01" position="1191,14,-2161" rotation="0" />
  <decoration type="model" name="cave_03" position="167,6,-1798" rotation="3" />
  <decoration type="model" name="ranger_station_06" position="1116,34,-1339" rotation="0" />
  <decoration type="model" name="cabin_14" position="-421,33,-1091" rotation="1" />
  <decoration type="model" name="abandoned_house_05" position="1572,30,760" rotation="1" />
  <decoration type="model" name="abandoned_house_03" position="-1068,42,2299" rotation="1" />
  <decoration type="model" name="_MazeSm_by_MPLogue" position="2274,34,-378" rotation="0" />
  <decoration type="model" name="survivor_site_07" position="2138,36,-2344" rotation="3" />
  <decoration type="model" name="cabin_05" position="-75,33,-2053" rotation="0" />
  <decoration type="model" name="NMM_hostilechurch_01" position="-2360,15,713" rotation="1" />
  <decoration type="model" name="ranger_station_04" position="2215,40,1969" rotation="3" />
  <decoration type="model" name="survivor_site_05" position="2096,38,2528" rotation="3" />
  <decoration type="model" name="cabin_08" position="-2113,36,928" rotation="2" />
  <decoration type="model" name="cabin_15" position="1982,34,1747" rotation="2" />
  <decoration type="model" name="abandoned_house_08" position="-1231,36,1236" rotation="2" />
  <decoration type="model" name="gas_station_07" position="1075,36,1107" rotation="3" />
  <decoration type="model" name="NMM_cave_04" position="2045,25,1436" rotation="0" />
  <decoration type="model" name="survivor_site_09" position="-889,32,296" rotation="3" />
  <decoration type="model" name="cabin_03" position="1646,35,1350" rotation="3" />
  <decoration type="model" name="ranger_station_01" position="386,41,2046" rotation="1" />
  <decoration type="model" name="army_camp_03" position="173,31,-854" rotation="3" />
  <decoration type="model" name="cabin_11" position="1333,25,-2178" rotation="2" />
  <decoration type="model" name="NMM_vanilla_cave_01" position="2506,21,-536" rotation="3" />
  <decoration type="model" name="cave_02" position="-2142,21,2054" rotation="3" />
  <decoration type="model" name="NMM_beasts_nest_01" position="2432,33,-1891" rotation="3" />
  <decoration type="model" name="army_camp_02" position="-739,38,-2487" rotation="3" />
  <decoration type="model" name="house_old_tudor_01" position="1184,7,633" rotation="0" />
  <decoration type="model" name="installation_red_mesa" position="-2285,14,1698" rotation="2" />
  <decoration type="model" name="house_modern_18" position="1285,19,-1775" rotation="1" />
  <decoration type="model" name="part_driveway_rural_13" position="1385,34,-1712" rotation="1" />
  <decoration type="model" name="NMM_nest_01" position="2343,34,473" rotation="3" />
  <decoration type="model" name="_Rose_Abby_byMPLogue" position="-2356,29,-2277" rotation="3" />
  <decoration type="model" name="_Petra_Indiana_Jones_by_MPLogue" position="174,7,-2134" rotation="3" />
  <decoration type="model" name="NMM_Bandits_Joust_Arena_01" position="1676,35,-2520" rotation="3" />
  <decoration type="model" name="NMM_hostilechurch_01" position="2436,13,2191" rotation="0" />
  <decoration type="model" name="cabin_09" position="1259,36,-2360" rotation="3" />
  <decoration type="model" name="survivor_site_09" position="-2208,35,1591" rotation="2" />
  <decoration type="model" name="survivor_site_03" position="-2509,41,621" rotation="0" />
  <decoration type="model" name="cabin_06" position="2514,30,1838" rotation="3" />
  <decoration type="model" name="ranger_station_01" position="-1086,32,100" rotation="3" />
  <decoration type="model" name="house_old_spanish_01" position="-1659,21,2447" rotation="0" />
  <decoration type="model" name="house_old_victorian_03" position="-2379,32,2246" rotation="2" />
  <decoration type="model" name="cabin_04" position="1453,35,702" rotation="3" />
  <decoration type="model" name="field_concert_01" position="2464,35,-2251" rotation="3" />
  <decoration type="model" name="part_kiosk_foodtrailer_01" position="2467,36,-2201" rotation="0" />
  <decoration type="model" name="survivor_site_08" position="-2552,35,-1870" rotation="3" />
  <decoration type="model" name="ranger_station_04" position="-1600,37,2265" rotation="0" />
  <decoration type="model" name="abandoned_house_05" position="-96,36,-1803" rotation="2" />
  <decoration type="model" name="survivor_site_01" position="1917,35,-2314" rotation="1" />
  <decoration type="model" name="cabin_03" position="567,36,-2261" rotation="1" />
  <decoration type="model" name="cabin_01" position="983,38,-1436" rotation="1" />
  <decoration type="model" name="ranger_station_03" position="1564,36,-1244" rotation="1" />
  <decoration type="model" name="abandoned_house_03" position="2483,36,-435" rotation="0" />
  <decoration type="model" name="survivor_site_05" position="-670,55,-1025" rotation="3" />
  <decoration type="model" name="ranger_station_02" position="-1180,40,2381" rotation="1" />
  <decoration type="model" name="cabin_14" position="1469,34,1436" rotation="2" />
  <decoration type="model" name="ranger_station_05" position="2265,36,-2175" rotation="2" />
  <decoration type="model" name="cabin_15" position="2424,34,-1533" rotation="2" />
  <decoration type="model" name="cabin_13" position="-2144,31,-1467" rotation="2" />
  <decoration type="model" name="abandoned_house_08" position="-2494,34,-2166" rotation="0" />
  <decoration type="model" name="NMM_friendlychurch_01" position="-54,13,2381" rotation="2" />
  <decoration type="model" name="army_camp_02" position="-1474,35,578" rotation="0" />
  <decoration type="model" name="cave_02" position="2283,21,-759" rotation="2" />
  <decoration type="model" name="abandoned_house_04" position="2311,36,-1284" rotation="3" />
  <decoration type="model" name="NMM_Cave_01" position="0,36,1802" rotation="2" />
  <decoration type="model" name="army_camp_03" position="-1333,33,2370" rotation="3" />
  <decoration type="model" name="NMM_vanilla_cave_04" position="-100,27,-2152" rotation="3" />
  <decoration type="model" name="army_camp_01" position="-988,33,-2481" rotation="0" />
  <decoration type="model" name="house_modern_18" position="-2324,21,1004" rotation="0" />
  <decoration type="model" name="part_driveway_rural_13" position="-2261,36,1001" rotation="0" />
  <decoration type="model" name="abandoned_house_01" position="-1685,36,452" rotation="1" />
  <decoration type="model" name="survivor_site_06" position="-1325,32,-1142" rotation="2" />
  <decoration type="model" name="cabin_07" position="736,36,-2458" rotation="3" />
  <decoration type="model" name="bombshelter_02" position="278,18,1103" rotation="3" />
  <decoration type="model" name="ranger_station_06" position="-2477,33,1311" rotation="1" />
  <decoration type="model" name="army_barracks_01" position="115,31,2347" rotation="1" />
  <decoration type="model" name="survivor_site_04" position="2169,33,-1902" rotation="2" />
  <decoration type="model" name="NMM_vanilla_cave_03" position="1356,5,1563" rotation="0" />
  <decoration type="model" name="survivor_site_07" position="-494,35,1707" rotation="2" />
  <decoration type="model" name="cabin_02" position="-1790,33,166" rotation="1" />
  <decoration type="model" name="gas_station_08" position="-1753,32,2397" rotation="0" />
  <decoration type="model" name="house_old_tudor_01" position="-1135,8,470" rotation="0" />
  <decoration type="model" name="abandoned_house_02" position="190,36,1285" rotation="2" />
  <decoration type="model" name="cabin_08" position="1752,35,-2380" rotation="1" />
  <decoration type="model" name="NMM_cave_04" position="-2332,25,1485" rotation="1" />
  <decoration type="model" name="cabin_11" position="-963,26,1713" rotation="3" />
  <decoration type="model" name="cabin_12" position="2400,33,2303" rotation="2" />
  <decoration type="model" name="cabin_05" position="-239,34,-684" rotation="0" />
  <decoration type="model" name="gas_station_02" position="531,35,-2179" rotation="2" />
  <decoration type="model" name="survivor_site_02" position="-993,36,-2550" rotation="1" />
  <decoration type="model" name="abandoned_house_06" position="2007,35,628" rotation="1" />
  <decoration type="model" name="NMM_vanilla_cave_01" position="2335,20,2157" rotation="0" />
  <decoration type="model" name="ranger_station_07" position="-2112,33,1614" rotation="1" />
  <decoration type="model" name="cabin_10" position="-2254,33,2150" rotation="2" />
  <decoration type="model" name="cave_01" position="1030,21,-14" rotation="0" />
  <decoration type="model" name="abandoned_house_07" position="424,41,2493" rotation="1" />
  <decoration type="model" name="NMM_vanilla_cave_02" position="124,21,-252" rotation="3" />
  <decoration type="model" name="gas_station_04" position="132,27,-731" rotation="3" />
  <decoration type="model" name="installation_red_mesa" position="2049,14,-477" rotation="2" />
  <decoration type="model" name="NMM_Chicken_Itza(by_Mexico664)" position="-2297,17,-334" rotation="1" />
  <decoration type="model" name="cave_03" position="2270,7,2435" rotation="3" />
  <decoration type="model" name="xcostum_Medieval_Cursed_Manor(by_WildPig_and_Arramus)" position="583,27,1247" rotation="1" />
  <decoration type="model" name="part_driveway_rural_01" position="626,36,1244" rotation="0" />
  <decoration type="model" name="part_driveway_rural_01" position="613,36,1244" rotation="0" />
  <decoration type="model" name="lodge_01" position="-291,32,2518" rotation="2" />
  <decoration type="model" name="NMM_nest_01" position="1646,33,1726" rotation="0" />
  <decoration type="model" name="_MazeSm_by_MPLogue" position="12,35,1569" rotation="2" />
  <decoration type="model" name="gas_station_07" position="2001,36,-2418" rotation="2" />
  <decoration type="model" name="_Rose_Abby_byMPLogue" position="611,29,-1000" rotation="0" />
  <decoration type="model" name="NMM_beasts_nest_01" position="1268,34,2242" rotation="1" />
  <decoration type="model" name="_Petra_Indiana_Jones_by_MPLogue" position="451,7,-181" rotation="1" />
  <decoration type="model" name="NMM_Bandits_Joust_Arena_01" position="-1384,36,290" rotation="3" />
  <decoration type="model" name="abandoned_house_02" position="-2458,36,2045" rotation="1" />
  <decoration type="model" name="survivor_site_09" position="-576,50,2361" rotation="3" />
  <decoration type="model" name="cabin_02" position="-1732,33,2324" rotation="0" />
  <decoration type="model" name="ranger_station_01" position="-662,34,1381" rotation="2" />
  <decoration type="model" name="survivor_site_01" position="1430,35,2040" rotation="2" />
</prefabs>