<spawnpoints>
    <spawnpoint position="1014.9,36.9949,604.2422" rotation="0,262.8976,0"/>
    <spawnpoint position="-477.593,35.75374,1443.451" rotation="0,311.1416,0"/>
    <spawnpoint position="-460,36.1418,2007.2" rotation="0,29.52691,0"/>
    <spawnpoint position="-128.7874,36.31415,1295.559" rotation="0,91.91125,0"/>
    <spawnpoint position="1962.091,37.01819,-736.7822" rotation="0,143.0562,0"/>
    <spawnpoint position="1491.819,35.79169,624.7937" rotation="0,235.1806,0"/>
    <spawnpoint position="1348.725,35.50694,12.00049" rotation="0,267.265,0"/>
    <spawnpoint position="637.6021,36.90879,859.9155" rotation="0,268.4351,0"/>
    <spawnpoint position="1492,35.36536,772" rotation="0,174.041,0"/>
    <spawnpoint position="1202.4,36.80429,572" rotation="0,85.82011,0"/>
    <spawnpoint position="146.3997,35.82471,1021.6" rotation="0,138.3194,0"/>
    <spawnpoint position="205.5972,35.83047,1180.05" rotation="0,300.2548,0"/>
</spawnpoints>
