<spawnpoints>
    <spawnpoint position="-466.3845,35.75374,1438.894" rotation="0,330.9951,0"/>
    <spawnpoint position="1884.007,36.83675,-597.5999" rotation="0,305.3638,0"/>
    <spawnpoint position="1734.827,36.1011,-215.5286" rotation="0,226.8032,0"/>
    <spawnpoint position="-352.8042,36.45831,1328.761" rotation="0,75.98347,0"/>
    <spawnpoint position="887.2002,37,444" rotation="0,206.1199,0"/>
    <spawnpoint position="1958.896,36.97617,-730.385" rotation="0,157.7378,0"/>
    <spawnpoint position="2039.191,35.46196,507.6755" rotation="0,126.962,0"/>
    <spawnpoint position="1553.765,35.05073,-197.9167" rotation="0,159.6065,0"/>
    <spawnpoint position="1932,35.33095,191.2002" rotation="0,295.3013,0"/>
    <spawnpoint position="1014.9,36.99333,604.2422" rotation="0,49.88755,0"/>
    <spawnpoint position="79.19971,35.95851,1088.8" rotation="0,13.27327,0"/>
    <spawnpoint position="310,37,582" rotation="0,69.14571,0"/>
    <spawnpoint position="644,36.92107,859.1111" rotation="0,73.55046,0"/>
    <spawnpoint position="2146.4,35.83175,508" rotation="0,198.8862,0"/>
    <spawnpoint position="2212,36.3511,508" rotation="0,356.2407,0"/>
    <spawnpoint position="1929.429,35.9441,-8.819336" rotation="0,205.6915,0"/>
    <spawnpoint position="1347.841,35.63116,799.2004" rotation="0,99.57501,0"/>
    <spawnpoint position="-373.6104,36.41178,1866.646" rotation="0,134.6613,0"/>
</spawnpoints>
