<spawnpoints>
    <spawnpoint position="1212,37.08053,403.7148" rotation="0,345.4311,0"/>
    <spawnpoint position="-493.5999,35.75465,1444" rotation="0,186.6659,0"/>
    <spawnpoint position="1308,35.74403,765.5999" rotation="0,50.05182,0"/>
    <spawnpoint position="639.2061,36.90879,859.8193" rotation="0,355.401,0"/>
    <spawnpoint position="1753.027,36.27089,-237.5867" rotation="0,313.4933,0"/>
    <spawnpoint position="1037.6,36.85902,428" rotation="0,245.0113,0"/>
    <spawnpoint position="1308,35.98219,906.3999" rotation="0,148.9788,0"/>
    <spawnpoint position="553.7725,36.3735,1287.124" rotation="0,160.0315,0"/>
</spawnpoints>
