<spawnpoints>
    <spawnpoint position="1212,37.08053,403.7148" rotation="0,240.8535,0"/>
    <spawnpoint position="-493.5999,35.75465,1444" rotation="0,56.33149,0"/>
    <spawnpoint position="1308,35.74403,765.5999" rotation="0,274.331,0"/>
    <spawnpoint position="639.2061,36.90879,859.8193" rotation="0,70.3055,0"/>
    <spawnpoint position="1753.027,36.27089,-237.5867" rotation="0,90.71044,0"/>
    <spawnpoint position="1037.6,36.85902,428" rotation="0,138.1467,0"/>
    <spawnpoint position="555.7651,36.32462,1290.271" rotation="0,38.15385,0"/>
    <spawnpoint position="1308,35.98219,906.3999" rotation="0,178.8183,0"/>
</spawnpoints>
